bracket_gpa5,file,header_gpa5,issue
1,jsc_107823_2011.pdf,21,bracket_gpa5_ne_header_gpa5
,jsc_107823_2011.pdf,,overall_partial_unknown_gpa
,jsc_107823_2011.pdf,,nonscience_partial_unknown_gpa
0,jsc_107824_2011.pdf,1,bracket_gpa5_ne_header_gpa5
0,jsc_107826_2011.pdf,1,bracket_gpa5_ne_header_gpa5
0,jsc_107841_2011.pdf,7,bracket_gpa5_ne_header_gpa5
3,jsc_107843_2011.pdf,122,bracket_gpa5_ne_header_gpa5
,jsc_107843_2011.pdf,,overall_partial_unknown_gpa
,jsc_107843_2011.pdf,,nonscience_partial_unknown_gpa
0,jsc_107844_2011.pdf,2,bracket_gpa5_ne_header_gpa5
0,jsc_107845_2011.pdf,12,bracket_gpa5_ne_header_gpa5
0,jsc_107846_2011.pdf,3,bracket_gpa5_ne_header_gpa5
0,jsc_107848_2011.pdf,16,bracket_gpa5_ne_header_gpa5
0,jsc_107849_2011.pdf,8,bracket_gpa5_ne_header_gpa5
0,jsc_107850_2011.pdf,19,bracket_gpa5_ne_header_gpa5
1,jsc_107854_2011.pdf,52,bracket_gpa5_ne_header_gpa5
,jsc_107854_2011.pdf,,overall_partial_unknown_gpa
,jsc_107854_2011.pdf,,nonscience_partial_unknown_gpa
1,jsc_107858_2011.pdf,89,bracket_gpa5_ne_header_gpa5
,jsc_107858_2011.pdf,,overall_partial_unknown_gpa
,jsc_107858_2011.pdf,,nonscience_partial_unknown_gpa
0,jsc_107859_2011.pdf,51,bracket_gpa5_ne_header_gpa5
0,jsc_107861_2011.pdf,22,bracket_gpa5_ne_header_gpa5
,jsc_107862_2011.pdf,,overall_partial_unknown_gpa
,jsc_107862_2011.pdf,,nonscience_partial_unknown_gpa
0,jsc_107865_2011.pdf,6,bracket_gpa5_ne_header_gpa5
0,jsc_107867_2011.pdf,5,bracket_gpa5_ne_header_gpa5
0,jsc_107869_2011.pdf,13,bracket_gpa5_ne_header_gpa5
1,jsc_107871_2011.pdf,3,bracket_gpa5_ne_header_gpa5
,jsc_107871_2011.pdf,,overall_partial_unknown_gpa
,jsc_107871_2011.pdf,,nonscience_partial_unknown_gpa
0,jsc_107873_2011.pdf,10,bracket_gpa5_ne_header_gpa5
,jsc_107873_2011.pdf,,overall_partial_unknown_gpa
,jsc_107873_2011.pdf,,nonscience_partial_unknown_gpa
0,jsc_107874_2011.pdf,1,bracket_gpa5_ne_header_gpa5
0,jsc_107877_2011.pdf,61,bracket_gpa5_ne_header_gpa5
0,jsc_107879_2011.pdf,3,bracket_gpa5_ne_header_gpa5
0,jsc_107880_2011.pdf,1,bracket_gpa5_ne_header_gpa5
0,jsc_107882_2011.pdf,1,bracket_gpa5_ne_header_gpa5
0,jsc_107885_2011.pdf,3,bracket_gpa5_ne_header_gpa5
0,jsc_107887_2011.pdf,5,bracket_gpa5_ne_header_gpa5
0,jsc_107892_2011.pdf,2,bracket_gpa5_ne_header_gpa5
0,jsc_107914_2011.pdf,22,bracket_gpa5_ne_header_gpa5
0,jsc_107915_2011.pdf,226,bracket_gpa5_ne_header_gpa5
,jsc_107915_2011.pdf,,overall_partial_unknown_gpa
,jsc_107915_2011.pdf,,nonscience_partial_unknown_gpa
1,jsc_107960_2011.pdf,88,bracket_gpa5_ne_header_gpa5
,jsc_107960_2011.pdf,,overall_partial_unknown_gpa
,jsc_107960_2011.pdf,,nonscience_partial_unknown_gpa
0,jsc_107961_2011.pdf,4,bracket_gpa5_ne_header_gpa5
,jsc_107961_2011.pdf,,overall_partial_unknown_gpa
,jsc_107961_2011.pdf,,nonscience_partial_unknown_gpa
0,jsc_107962_2011.pdf,116,bracket_gpa5_ne_header_gpa5
0,jsc_107963_2011.pdf,4,bracket_gpa5_ne_header_gpa5
1,jsc_107964_2011.pdf,21,bracket_gpa5_ne_header_gpa5
,jsc_107964_2011.pdf,,overall_partial_unknown_gpa
,jsc_107964_2011.pdf,,nonscience_partial_unknown_gpa
0,jsc_107965_2011.pdf,6,bracket_gpa5_ne_header_gpa5
0,jsc_107967_2011.pdf,9,bracket_gpa5_ne_header_gpa5
1,jsc_107984_2011.pdf,68,bracket_gpa5_ne_header_gpa5
,jsc_107984_2011.pdf,,overall_partial_unknown_gpa
,jsc_107984_2011.pdf,,nonscience_partial_unknown_gpa
0,jsc_108012_2011.pdf,3,bracket_gpa5_ne_header_gpa5
0,jsc_108013_2011.pdf,3,bracket_gpa5_ne_header_gpa5
0,jsc_108014_2011.pdf,2,bracket_gpa5_ne_header_gpa5
1,jsc_108016_2011.pdf,51,bracket_gpa5_ne_header_gpa5
,jsc_108016_2011.pdf,,overall_partial_unknown_gpa
,jsc_108016_2011.pdf,,nonscience_partial_unknown_gpa
0,jsc_108017_2011.pdf,4,bracket_gpa5_ne_header_gpa5
0,jsc_108019_2011.pdf,11,bracket_gpa5_ne_header_gpa5
0,jsc_108023_2011.pdf,2,bracket_gpa5_ne_header_gpa5
0,jsc_108037_2011.pdf,2,bracket_gpa5_ne_header_gpa5
0,jsc_108038_2011.pdf,6,bracket_gpa5_ne_header_gpa5
0,jsc_108040_2011.pdf,15,bracket_gpa5_ne_header_gpa5
0,jsc_108043_2011.pdf,1,bracket_gpa5_ne_header_gpa5
0,jsc_108046_2011.pdf,1,bracket_gpa5_ne_header_gpa5
0,jsc_108048_2011.pdf,6,bracket_gpa5_ne_header_gpa5
,jsc_108053_2011.pdf,,overall_partial_unknown_gpa
,jsc_108053_2011.pdf,,nonscience_partial_unknown_gpa
2,jsc_108059_2011.pdf,115,bracket_gpa5_ne_header_gpa5
,jsc_108059_2011.pdf,,overall_partial_unknown_gpa
,jsc_108059_2011.pdf,,nonscience_partial_unknown_gpa
0,jsc_108124_2011.pdf,17,bracket_gpa5_ne_header_gpa5
1,jsc_108129_2011.pdf,24,bracket_gpa5_ne_header_gpa5
,jsc_108129_2011.pdf,,overall_partial_unknown_gpa
,jsc_108129_2011.pdf,,nonscience_partial_unknown_gpa
0,jsc_108130_2011.pdf,4,bracket_gpa5_ne_header_gpa5
0,jsc_108132_2011.pdf,3,bracket_gpa5_ne_header_gpa5
0,jsc_108134_2011.pdf,1,bracket_gpa5_ne_header_gpa5
1,jsc_108139_2011.pdf,14,bracket_gpa5_ne_header_gpa5
,jsc_108139_2011.pdf,,overall_partial_unknown_gpa
,jsc_108139_2011.pdf,,nonscience_partial_unknown_gpa
0,jsc_108142_2011.pdf,1,bracket_gpa5_ne_header_gpa5
0,jsc_108144_2011.pdf,1,bracket_gpa5_ne_header_gpa5
1,jsc_108146_2011.pdf,20,bracket_gpa5_ne_header_gpa5
,jsc_108146_2011.pdf,,overall_partial_unknown_gpa
,jsc_108146_2011.pdf,,nonscience_partial_unknown_gpa
1,jsc_108161_2011.pdf,127,bracket_gpa5_ne_header_gpa5
,jsc_108161_2011.pdf,,overall_partial_unknown_gpa
,jsc_108161_2011.pdf,,nonscience_partial_unknown_gpa
0,jsc_108162_2011.pdf,81,bracket_gpa5_ne_header_gpa5
,jsc_108162_2011.pdf,,overall_partial_unknown_gpa
,jsc_108162_2011.pdf,,nonscience_partial_unknown_gpa
0,jsc_108164_2011.pdf,64,bracket_gpa5_ne_header_gpa5
,jsc_108164_2011.pdf,,overall_partial_unknown_gpa
,jsc_108164_2011.pdf,,nonscience_partial_unknown_gpa
0,jsc_108167_2011.pdf,2,bracket_gpa5_ne_header_gpa5
0,jsc_108171_2011.pdf,1,bracket_gpa5_ne_header_gpa5
0,jsc_108172_2011.pdf,1,bracket_gpa5_ne_header_gpa5
0,jsc_108173_2011.pdf,15,bracket_gpa5_ne_header_gpa5
0,jsc_108177_2011.pdf,1,bracket_gpa5_ne_header_gpa5
0,jsc_108180_2011.pdf,1,bracket_gpa5_ne_header_gpa5
3,jsc_108181_2011.pdf,455,bracket_gpa5_ne_header_gpa5
,jsc_108181_2011.pdf,,overall_partial_unknown_gpa
,jsc_108181_2011.pdf,,nonscience_partial_unknown_gpa
0,jsc_108182_2011.pdf,6,bracket_gpa5_ne_header_gpa5
,jsc_108182_2011.pdf,,overall_partial_unknown_gpa
,jsc_108182_2011.pdf,,nonscience_partial_unknown_gpa
,jsc_108183_2011.pdf,,overall_partial_unknown_gpa
,jsc_108183_2011.pdf,,nonscience_partial_unknown_gpa
0,jsc_108184_2011.pdf,3,bracket_gpa5_ne_header_gpa5
0,jsc_108185_2011.pdf,5,bracket_gpa5_ne_header_gpa5
0,jsc_108188_2011.pdf,50,bracket_gpa5_ne_header_gpa5
,jsc_108188_2011.pdf,,overall_partial_unknown_gpa
,jsc_108188_2011.pdf,,nonscience_partial_unknown_gpa
0,jsc_108190_2011.pdf,4,bracket_gpa5_ne_header_gpa5
0,jsc_108191_2011.pdf,4,bracket_gpa5_ne_header_gpa5
0,jsc_108192_2011.pdf,1,bracket_gpa5_ne_header_gpa5
0,jsc_108193_2011.pdf,1,bracket_gpa5_ne_header_gpa5
0,jsc_108196_2011.pdf,9,bracket_gpa5_ne_header_gpa5
0,jsc_108214_2011.pdf,3,bracket_gpa5_ne_header_gpa5
0,jsc_108215_2011.pdf,26,bracket_gpa5_ne_header_gpa5
0,jsc_108217_2011.pdf,3,bracket_gpa5_ne_header_gpa5
0,jsc_108218_2011.pdf,7,bracket_gpa5_ne_header_gpa5
0,jsc_108221_2011.pdf,35,bracket_gpa5_ne_header_gpa5
0,jsc_108222_2011.pdf,25,bracket_gpa5_ne_header_gpa5
,jsc_108222_2011.pdf,,overall_partial_unknown_gpa
,jsc_108222_2011.pdf,,nonscience_partial_unknown_gpa
0,jsc_108223_2011.pdf,37,bracket_gpa5_ne_header_gpa5
0,jsc_108227_2011.pdf,10,bracket_gpa5_ne_header_gpa5
0,jsc_108230_2011.pdf,1,bracket_gpa5_ne_header_gpa5
0,jsc_108232_2011.pdf,36,bracket_gpa5_ne_header_gpa5
0,jsc_108234_2011.pdf,1,bracket_gpa5_ne_header_gpa5
0,jsc_108236_2011.pdf,2,bracket_gpa5_ne_header_gpa5
0,jsc_108238_2011.pdf,16,bracket_gpa5_ne_header_gpa5
0,jsc_108241_2011.pdf,44,bracket_gpa5_ne_header_gpa5
1,jsc_108258_2011.pdf,214,bracket_gpa5_ne_header_gpa5
,jsc_108258_2011.pdf,,overall_partial_unknown_gpa
,jsc_108258_2011.pdf,,nonscience_partial_unknown_gpa
2,jsc_108259_2011.pdf,111,bracket_gpa5_ne_header_gpa5
,jsc_108259_2011.pdf,,overall_partial_unknown_gpa
,jsc_108259_2011.pdf,,nonscience_partial_unknown_gpa
0,jsc_108260_2011.pdf,5,bracket_gpa5_ne_header_gpa5
0,jsc_108264_2011.pdf,6,bracket_gpa5_ne_header_gpa5
0,jsc_108266_2011.pdf,1,bracket_gpa5_ne_header_gpa5
0,jsc_108267_2011.pdf,1,bracket_gpa5_ne_header_gpa5
0,jsc_108269_2011.pdf,2,bracket_gpa5_ne_header_gpa5
7,jsc_108277_2011.pdf,729,bracket_gpa5_ne_header_gpa5
,jsc_108277_2011.pdf,,overall_partial_unknown_gpa
,jsc_108277_2011.pdf,,nonscience_partial_unknown_gpa
0,jsc_108279_2011.pdf,14,bracket_gpa5_ne_header_gpa5
0,jsc_108296_2011.pdf,2,bracket_gpa5_ne_header_gpa5
0,jsc_108322_2011.pdf,2,bracket_gpa5_ne_header_gpa5
0,jsc_108325_2011.pdf,1,bracket_gpa5_ne_header_gpa5
0,jsc_108326_2011.pdf,1,bracket_gpa5_ne_header_gpa5
0,jsc_108327_2011.pdf,3,bracket_gpa5_ne_header_gpa5
0,jsc_108340_2011.pdf,7,bracket_gpa5_ne_header_gpa5
0,jsc_108342_2011.pdf,16,bracket_gpa5_ne_header_gpa5
0,jsc_108343_2011.pdf,3,bracket_gpa5_ne_header_gpa5
0,jsc_108344_2011.pdf,2,bracket_gpa5_ne_header_gpa5
0,jsc_108345_2011.pdf,1,bracket_gpa5_ne_header_gpa5
0,jsc_108348_2011.pdf,1,bracket_gpa5_ne_header_gpa5
0,jsc_108355_2011.pdf,87,bracket_gpa5_ne_header_gpa5
0,jsc_108356_2011.pdf,2,bracket_gpa5_ne_header_gpa5
11,jsc_108357_2011.pdf,816,bracket_gpa5_ne_header_gpa5
,jsc_108357_2011.pdf,,overall_partial_unknown_gpa
,jsc_108357_2011.pdf,,nonscience_partial_unknown_gpa
0,jsc_108358_2011.pdf,50,bracket_gpa5_ne_header_gpa5
1,jsc_108359_2011.pdf,32,bracket_gpa5_ne_header_gpa5
,jsc_108359_2011.pdf,,overall_partial_unknown_gpa
,jsc_108359_2011.pdf,,nonscience_partial_unknown_gpa
0,jsc_108360_2011.pdf,19,bracket_gpa5_ne_header_gpa5
1,jsc_108362_2011.pdf,6,bracket_gpa5_ne_header_gpa5
,jsc_108362_2011.pdf,,overall_partial_unknown_gpa
,jsc_108362_2011.pdf,,nonscience_partial_unknown_gpa
,jsc_108366_2011.pdf,,overall_partial_unknown_gpa
,jsc_108366_2011.pdf,,nonscience_partial_unknown_gpa
0,jsc_108371_2011.pdf,3,bracket_gpa5_ne_header_gpa5
0,jsc_108375_2011.pdf,4,bracket_gpa5_ne_header_gpa5
0,jsc_108376_2011.pdf,35,bracket_gpa5_ne_header_gpa5
,jsc_108376_2011.pdf,,overall_partial_unknown_gpa
,jsc_108376_2011.pdf,,nonscience_partial_unknown_gpa
0,jsc_108379_2011.pdf,10,bracket_gpa5_ne_header_gpa5
0,jsc_108387_2011.pdf,9,bracket_gpa5_ne_header_gpa5
1,jsc_108388_2011.pdf,35,bracket_gpa5_ne_header_gpa5
,jsc_108388_2011.pdf,,overall_partial_unknown_gpa
,jsc_108388_2011.pdf,,nonscience_partial_unknown_gpa
0,jsc_108391_2011.pdf,2,bracket_gpa5_ne_header_gpa5
0,jsc_108465_2011.pdf,1,bracket_gpa5_ne_header_gpa5
0,jsc_108466_2011.pdf,1,bracket_gpa5_ne_header_gpa5
1,jsc_108467_2011.pdf,13,bracket_gpa5_ne_header_gpa5
,jsc_108467_2011.pdf,,overall_partial_unknown_gpa
,jsc_108467_2011.pdf,,nonscience_partial_unknown_gpa
0,jsc_108468_2011.pdf,8,bracket_gpa5_ne_header_gpa5
0,jsc_108471_2011.pdf,14,bracket_gpa5_ne_header_gpa5
0,jsc_108472_2011.pdf,6,bracket_gpa5_ne_header_gpa5
0,jsc_108473_2011.pdf,4,bracket_gpa5_ne_header_gpa5
0,jsc_108476_2011.pdf,7,bracket_gpa5_ne_header_gpa5
0,jsc_108481_2011.pdf,199,bracket_gpa5_ne_header_gpa5
,jsc_108481_2011.pdf,,overall_partial_unknown_gpa
,jsc_108481_2011.pdf,,nonscience_partial_unknown_gpa
0,jsc_108482_2011.pdf,3,bracket_gpa5_ne_header_gpa5
0,jsc_108485_2011.pdf,2,bracket_gpa5_ne_header_gpa5
0,jsc_108488_2011.pdf,16,bracket_gpa5_ne_header_gpa5
,jsc_108488_2011.pdf,,overall_partial_unknown_gpa
,jsc_108488_2011.pdf,,nonscience_partial_unknown_gpa
1,jsc_108489_2011.pdf,52,bracket_gpa5_ne_header_gpa5
,jsc_108489_2011.pdf,,overall_partial_unknown_gpa
,jsc_108489_2011.pdf,,nonscience_partial_unknown_gpa
0,jsc_108491_2011.pdf,1,bracket_gpa5_ne_header_gpa5
0,jsc_108492_2011.pdf,1,bracket_gpa5_ne_header_gpa5
6,jsc_108497_2011.pdf,59,bracket_gpa5_ne_header_gpa5
,jsc_108497_2011.pdf,,overall_partial_unknown_gpa
,jsc_108497_2011.pdf,,nonscience_partial_unknown_gpa
0,jsc_108498_2011.pdf,1,bracket_gpa5_ne_header_gpa5
,jsc_108501_2011.pdf,,overall_partial_unknown_gpa
,jsc_108501_2011.pdf,,nonscience_partial_unknown_gpa
0,jsc_108502_2011.pdf,2,bracket_gpa5_ne_header_gpa5
1,jsc_108504_2011.pdf,39,bracket_gpa5_ne_header_gpa5
,jsc_108504_2011.pdf,,overall_partial_unknown_gpa
,jsc_108504_2011.pdf,,nonscience_partial_unknown_gpa
0,jsc_108513_2011.pdf,1,bracket_gpa5_ne_header_gpa5
0,jsc_108514_2011.pdf,3,bracket_gpa5_ne_header_gpa5
0,jsc_108515_2011.pdf,19,bracket_gpa5_ne_header_gpa5
2,jsc_108516_2011.pdf,34,bracket_gpa5_ne_header_gpa5
,jsc_108516_2011.pdf,,overall_partial_unknown_gpa
,jsc_108516_2011.pdf,,nonscience_partial_unknown_gpa
0,jsc_108517_2011.pdf,12,bracket_gpa5_ne_header_gpa5
1,jsc_108518_2011.pdf,73,bracket_gpa5_ne_header_gpa5
,jsc_108518_2011.pdf,,overall_partial_unknown_gpa
,jsc_108518_2011.pdf,,nonscience_partial_unknown_gpa
0,jsc_108519_2011.pdf,1,bracket_gpa5_ne_header_gpa5
,jsc_108519_2011.pdf,,overall_partial_unknown_gpa
,jsc_108519_2011.pdf,,nonscience_partial_unknown_gpa
1,jsc_108520_2011.pdf,48,bracket_gpa5_ne_header_gpa5
,jsc_108520_2011.pdf,,overall_partial_unknown_gpa
,jsc_108520_2011.pdf,,nonscience_partial_unknown_gpa
0,jsc_108522_2011.pdf,6,bracket_gpa5_ne_header_gpa5
0,jsc_108527_2011.pdf,1,bracket_gpa5_ne_header_gpa5
0,jsc_108528_2011.pdf,1,bracket_gpa5_ne_header_gpa5
2,jsc_108538_2011.pdf,213,bracket_gpa5_ne_header_gpa5
,jsc_108538_2011.pdf,,overall_partial_unknown_gpa
,jsc_108538_2011.pdf,,nonscience_partial_unknown_gpa
0,jsc_108539_2011.pdf,3,bracket_gpa5_ne_header_gpa5
1,jsc_108540_2011.pdf,60,bracket_gpa5_ne_header_gpa5
,jsc_108540_2011.pdf,,overall_partial_unknown_gpa
,jsc_108540_2011.pdf,,nonscience_partial_unknown_gpa
0,jsc_108541_2011.pdf,10,bracket_gpa5_ne_header_gpa5
0,jsc_108542_2011.pdf,3,bracket_gpa5_ne_header_gpa5
,jsc_108542_2011.pdf,,overall_partial_unknown_gpa
,jsc_108542_2011.pdf,,nonscience_partial_unknown_gpa
0,jsc_108543_2011.pdf,10,bracket_gpa5_ne_header_gpa5
0,jsc_108544_2011.pdf,5,bracket_gpa5_ne_header_gpa5
,jsc_108544_2011.pdf,,overall_partial_unknown_gpa
,jsc_108544_2011.pdf,,nonscience_partial_unknown_gpa
0,jsc_108545_2011.pdf,2,bracket_gpa5_ne_header_gpa5
0,jsc_108546_2011.pdf,3,bracket_gpa5_ne_header_gpa5
0,jsc_108547_2011.pdf,2,bracket_gpa5_ne_header_gpa5
0,jsc_108549_2011.pdf,22,bracket_gpa5_ne_header_gpa5
1,jsc_108550_2011.pdf,8,bracket_gpa5_ne_header_gpa5
,jsc_108550_2011.pdf,,overall_partial_unknown_gpa
,jsc_108550_2011.pdf,,nonscience_partial_unknown_gpa
0,jsc_108570_2011.pdf,5,bracket_gpa5_ne_header_gpa5
0,jsc_108571_2011.pdf,5,bracket_gpa5_ne_header_gpa5
1,jsc_108572_2011.pdf,137,bracket_gpa5_ne_header_gpa5
,jsc_108572_2011.pdf,,overall_partial_unknown_gpa
,jsc_108572_2011.pdf,,nonscience_partial_unknown_gpa
0,jsc_108573_2011.pdf,304,bracket_gpa5_ne_header_gpa5
0,jsc_108576_2011.pdf,5,bracket_gpa5_ne_header_gpa5
1,jsc_108580_2011.pdf,127,bracket_gpa5_ne_header_gpa5
,jsc_108580_2011.pdf,,overall_partial_unknown_gpa
,jsc_108580_2011.pdf,,nonscience_partial_unknown_gpa
0,jsc_108589_2011.pdf,1,bracket_gpa5_ne_header_gpa5
2,jsc_130757_2011.pdf,116,bracket_gpa5_ne_header_gpa5
,jsc_130757_2011.pdf,,overall_partial_unknown_gpa
,jsc_130757_2011.pdf,,nonscience_partial_unknown_gpa
2,jsc_130865_2011.pdf,295,bracket_gpa5_ne_header_gpa5
,jsc_130865_2011.pdf,,overall_partial_unknown_gpa
,jsc_130865_2011.pdf,,nonscience_partial_unknown_gpa
0,jsc_130876_2011.pdf,5,bracket_gpa5_ne_header_gpa5
,jsc_130882_2011.pdf,,overall_partial_unknown_gpa
,jsc_130882_2011.pdf,,nonscience_partial_unknown_gpa
1,jsc_130910_2011.pdf,9,bracket_gpa5_ne_header_gpa5
,jsc_130910_2011.pdf,,overall_partial_unknown_gpa
,jsc_130910_2011.pdf,,nonscience_partial_unknown_gpa
0,jsc_130916_2011.pdf,7,bracket_gpa5_ne_header_gpa5
0,jsc_131890_2011.pdf,5,bracket_gpa5_ne_header_gpa5
,jsc_131890_2011.pdf,,overall_partial_unknown_gpa
,jsc_131890_2011.pdf,,nonscience_partial_unknown_gpa
0,jsc_131916_2011.pdf,6,bracket_gpa5_ne_header_gpa5
0,jsc_132057_2011.pdf,2,bracket_gpa5_ne_header_gpa5
1,jsc_132066_2011.pdf,6,bracket_gpa5_ne_header_gpa5
,jsc_132066_2011.pdf,,overall_partial_unknown_gpa
,jsc_132066_2011.pdf,,nonscience_partial_unknown_gpa
0,jsc_132081_2011.pdf,6,bracket_gpa5_ne_header_gpa5
0,jsc_132088_2011.pdf,137,bracket_gpa5_ne_header_gpa5
,jsc_132088_2011.pdf,,overall_partial_unknown_gpa
,jsc_132088_2011.pdf,,nonscience_partial_unknown_gpa
1,jsc_132090_2011.pdf,33,bracket_gpa5_ne_header_gpa5
,jsc_132090_2011.pdf,,overall_partial_unknown_gpa
,jsc_132090_2011.pdf,,nonscience_partial_unknown_gpa
3,jsc_132107_2011.pdf,148,bracket_gpa5_ne_header_gpa5
,jsc_132107_2011.pdf,,overall_partial_unknown_gpa
,jsc_132107_2011.pdf,,nonscience_partial_unknown_gpa
1,jsc_132127_2011.pdf,97,bracket_gpa5_ne_header_gpa5
,jsc_132127_2011.pdf,,overall_partial_unknown_gpa
,jsc_132127_2011.pdf,,nonscience_partial_unknown_gpa
0,jsc_132140_2011.pdf,55,bracket_gpa5_ne_header_gpa5
,jsc_132140_2011.pdf,,overall_partial_unknown_gpa
,jsc_132140_2011.pdf,,nonscience_partial_unknown_gpa
0,jsc_132141_2011.pdf,3,bracket_gpa5_ne_header_gpa5
2,jsc_132143_2011.pdf,77,bracket_gpa5_ne_header_gpa5
,jsc_132143_2011.pdf,,overall_partial_unknown_gpa
,jsc_132143_2011.pdf,,nonscience_partial_unknown_gpa
0,jsc_132200_2011.pdf,7,bracket_gpa5_ne_header_gpa5
1,jsc_132367_2011.pdf,11,bracket_gpa5_ne_header_gpa5
,jsc_132367_2011.pdf,,overall_partial_unknown_gpa
,jsc_132367_2011.pdf,,nonscience_partial_unknown_gpa
0,jsc_133717_2011.pdf,11,bracket_gpa5_ne_header_gpa5
0,jsc_133937_2011.pdf,56,bracket_gpa5_ne_header_gpa5
0,jsc_133988_2011.pdf,6,bracket_gpa5_ne_header_gpa5
0,jsc_133989_2011.pdf,1,bracket_gpa5_ne_header_gpa5
0,jsc_134042_2011.pdf,1,bracket_gpa5_ne_header_gpa5
1,jsc_134139_2011.pdf,4,bracket_gpa5_ne_header_gpa5
,jsc_134139_2011.pdf,,overall_partial_unknown_gpa
,jsc_134139_2011.pdf,,nonscience_partial_unknown_gpa
0,jsc_134168_2011.pdf,1,bracket_gpa5_ne_header_gpa5
0,jsc_134180_2011.pdf,10,bracket_gpa5_ne_header_gpa5
